{"cameraMode":{"drawMode":0,"name":"Shaded","section":"Shading Mode"},"sceneLighting":false,"audioPlay":false,"sceneViewState":{"m_AlwaysRefresh":false,"showFog":true,"showSkybox":false,"showFlares":true,"showImageEffects":true,"showParticleSystems":true,"showVisualEffectGraphs":true,"m_FxEnabled":true},"in2DMode":false,"pivot":{"x":0.3135972023010254,"y":1.6121153831481934,"z":9.745734214782715},"rotation":{"x":0.06407591700553894,"y":0.780246376991272,"z":-0.08104550838470459,"w":0.6168850660324097},"size":1.9943344593048096,"orthographic":true}