{"cameraMode":{"drawMode":0,"name":"Shaded","section":"Shading Mode"},"sceneLighting":false,"audioPlay":false,"sceneViewState":{"m_AlwaysRefresh":false,"showFog":true,"showSkybox":false,"showFlares":true,"showImageEffects":true,"showParticleSystems":true,"showVisualEffectGraphs":true,"m_FxEnabled":true},"in2DMode":false,"pivot":{"x":34.52758026123047,"y":-1.3364076614379883,"z":10.776935577392579},"rotation":{"x":0.04393252357840538,"y":-0.9101588726043701,"z":0.10006215423345566,"w":0.39959844946861269},"size":1.7721701860427857,"orthographic":false}